飞机转场记录号,到达日期,到达时刻,到达航班,到达类型,飞机型号,出发日期,出发时刻,出发航班,出发类型,上线机场,下线机场,机体类别,
PK001,2018/1/19,10:00:00,NV6294,D,321,2018/1/19,12:40:00,NV3118,I,QFL,NGN,W
PK002,2018/1/19,10:00:00,NV898,D,33E,2018/1/19,12:30:00,NV898,I,XOA,GDP,N
PK003,2018/1/19,10:05:00,GN0471,D,73A,2018/1/19,11:20:00,GN0460,D,AIB,AIB,W
PK004,2018/1/19,10:05:00,NV6513,D,320,2018/1/19,12:30:00,NV305,D,DUV,DUV,W
PK005,2018/1/19,10:10:00,GN0411,D,73H,2018/1/19,12:00:00,GN0236,D,TXB,SJA,W
PK006,2018/1/19,10:10:00,NV6443,D,325,2018/1/19,12:15:00,NV6144,I,TAY,JDO,W
PK007,2018/1/19,10:15:00,NV3120,D,73H,2018/1/19,11:15:00,NV3120,I,XVI,GTA,W
PK008,2018/1/19,10:15:00,NV632,D,325,2018/1/19,11:45:00,NV632,I,YJZ,OSU,W
PK009,2018/1/19,10:20:00,GN0495,D,73A,2018/1/19,11:30:00,GN0208,D,OOH,BPH,W
PK010,2018/1/19,10:20:00,NV323,I,325,2018/1/19,11:25:00,NV6390,D,NOM,AVI,W
PK011,2018/1/19,10:20:00,NV687,I,325,2018/1/19,11:25:00,NV618,I,IOE,ILH,W
PK012,2018/1/19,10:25:00,NV6731,D,325,2018/1/19,12:15:00,NV6118,I,ISC,UQF,W
PK013,2018/1/19,10:25:00,NV820,D,320,2018/1/19,11:35:00,NV820,I,MIX,OHP,W
PK014,2018/1/19,10:30:00,GN0457,D,738,2018/1/19,13:05:00,GN0656,D,DHP,XVU,W
PK015,2018/1/19,10:30:00,NV858,D,73H,2018/1/19,12:15:00,NV858,I,LNH,LJY,W
PK016,2018/1/19,10:35:00,NV6713,D,320,2018/1/19,12:25:00,NV6713,D,TIF,AIB,W
PK017,2018/1/19,10:40:00,GN0271,D,73H,2018/1/19,12:00:00,GN0492,D,DHR,LXM,W
PK018,2018/1/19,10:40:00,NV303,I,320,2018/1/19,12:30:00,NV303,D,OHP,YJZ,W
PK019,2018/1/19,10:45:00,NV643,I,320,2018/1/19,12:05:00,NV6770,D,GVL,EMD,W
PK020,2018/1/19,11:00:00,NV305,I,319,2018/1/19,12:15:00,NV6316,D,IJK,ITO,W
PK021,2018/1/19,11:00:00,NV6148,D,320,2018/1/19,12:20:00,NV6148,I,DUV,DKV,W
PK022,2018/1/19,11:00:00,NV639,I,319,2018/1/19,12:50:00,NV3194,D,PLK,UTO,W
PK023,2018/1/19,11:00:00,NV6785,D,320,2018/1/19,12:15:00,NV614,I,EMD,ILH,W
PK024,2018/1/19,11:20:00,NV6535,D,320,2018/1/19,13:05:00,NV6488,D,DLH,TZY,W
PK025,2018/1/19,11:25:00,NV841,I,325,2018/1/19,13:10:00,NV398,I,LJY,PLB,W
PK026,2018/1/19,11:55:00,NV835,I,325,2018/1/19,13:15:00,NV610,I,ILH,ILH,W
PK027,2018/1/19,12:20:00,NV6749,D,320,2018/1/19,13:25:00,NV6510,D,IEH,MZJ,W
PK028,2018/1/19,12:20:00,NV867,D,33E,2018/1/19,15:45:00,NV6116,I,LNH,UQF,N
PK029,2018/1/19,12:25:00,GN0253,D,73A,2018/1/19,13:35:00,GN0204,D,CQF,TIF,W
PK030,2018/1/19,12:25:00,NV3703,I,73H,2018/1/19,13:55:00,NV3703,D,OHP,XVI,W
PK031,2018/1/19,12:40:00,GN0491,D,738,2018/1/19,15:50:00,GN0326,D,LXM,AVI,W
PK032,2018/1/19,12:55:00,NV674,D,33L,2018/1/19,14:25:00,NV674,I,QFL,EFM,N
PK033,2018/1/19,13:00:00,GN0201,D,73H,2018/1/19,14:20:00,GN0250,D,KOA,YNO,W
PK034,2018/1/19,13:05:00,NV3287,D,73E,2018/1/19,16:30:00,NV6556,D,ARA,LXF,W
PK035,2018/1/19,13:05:00,NV6165,I,323,2018/1/19,14:10:00,NV6722,D,UBF,EMD,W
PK036,2018/1/19,13:10:00,GN0235,D,73H,2018/1/19,14:45:00,GN938,I,UWT,JDO,W
PK037,2018/1/19,13:15:00,NV3266,D,325,2018/1/19,14:15:00,NV3269,D,YJZ,YJZ,W
PK038,2018/1/19,13:20:00,NV6155,I,320,2018/1/19,14:25:00,NV6494,D,QVT,AZJ,W
PK039,2018/1/19,13:25:00,NV6735,D,73E,2018/1/19,14:30:00,NV6198,I,EMD,GVL,W
PK040,2018/1/19,13:40:00,GN913,I,73H,2018/1/19,19:30:00,GN942,I,UTB,ILU,W
PK041,2018/1/19,13:40:00,NV6719,D,320,2018/1/19,14:50:00,NV6718,D,IJB,TIF,W
PK042,2018/1/19,13:50:00,GN932,D,738,2018/1/19,14:55:00,GN932,I,DHP,LJY,W
PK043,2018/1/19,13:50:00,NV383,I,321,2018/1/19,15:30:00,NV383,D,OSU,QFL,W
PK044,2018/1/19,13:55:00,NV6153,I,325,2018/1/19,14:45:00,*****,D,JDO,***,W
PK045,2018/1/19,13:55:00,NV6727,D,320,2018/1/19,14:55:00,NV6762,D,ZLI,ZOK,W
PK046,2018/1/19,14:10:00,NV6575,D,320,2018/1/19,15:20:00,NV6574,D,IGF,IGF,W
PK047,2018/1/19,14:20:00,NV3654,D,73E,2018/1/19,15:25:00,NV6318,D,XVI,MAI,W
PK048,2018/1/19,14:25:00,NV6171,I,325,2018/1/19,16:15:00,NV6742,D,DKV,GPD,W
PK049,2018/1/19,14:25:00,NV631,I,319,2018/1/19,15:40:00,NV6378,D,OHT,ZCQ,W
PK050,2018/1/19,14:30:00,NV387,I,319,2018/1/19,16:30:00,NV6614,D,NZK,HZT,W
PK051,2018/1/19,14:35:00,NV6359,D,320,2018/1/19,15:35:00,NV6716,D,EBU,INJ,W
PK052,2018/1/19,14:40:00,GN0477,D,73H,2018/1/19,16:10:00,GN0638,D,ZJI,DBO,W
PK053,2018/1/19,14:40:00,GN0573,D,73A,2018/1/19,15:45:00,GN0246,D,XYO,CBW,W
PK054,2018/1/19,14:40:00,NV656,D,33E,2018/1/19,16:10:00,NV656,I,DHR,TJO,N
PK055,2018/1/19,14:45:00,NV6711,D,325,2018/1/19,17:10:00,NV686,I,GPD,IOE,W
PK056,2018/1/19,14:50:00,GN953,I,73H,2018/1/19,21:35:00,GN0560,D,CLL,LXF,W
PK057,2018/1/19,14:50:00,NV613,I,321,2018/1/19,16:15:00,NV616,I,ILH,ILH,W
PK058,2018/1/19,14:50:00,NV6553,D,319,2018/1/19,17:20:00,NV3273,D,EBY,YJZ,W
PK059,2018/1/19,14:50:00,NV681,I,773,2018/1/19,20:00:00,NV308,I,DEH,KGL,N
PK060,2018/1/19,14:55:00,GN0283,D,73E,2018/1/19,15:55:00,GN0362,D,ISC,IBL,W
PK061,2018/1/19,14:55:00,GN0479,D,73E,2018/1/19,16:05:00,GN0280,D,TIF,DHR,W
PK062,2018/1/19,14:55:00,GN0523,D,73E,2018/1/20,16:20:00,GN0256,D,NJH,ZDV,W
PK063,2018/1/19,14:55:00,NV337,I,323,2018/1/19,16:10:00,NV6374,D,LJY,ZOU,W
PK064,2018/1/19,15:00:00,NV899,I,33E,2018/1/19,20:20:00,NV672,I,GDP,TZE,N
PK065,2018/1/19,15:00:00,*****,D,325,2018/1/19,15:50:00,NV3465,D,***,MIX,W
PK066,2018/1/19,15:10:00,GN0423,D,323,2018/1/19,16:20:00,GN0642,D,DBO,IBL,W
PK067,2018/1/19,15:15:00,NV629,I,73H,2018/1/19,16:50:00,NV629,D,GVL,XVI,W
PK068,2018/1/19,15:20:00,GN0203,D,738,2018/1/19,16:10:00,*****,D,EMD,***,W
PK069,2018/1/19,15:20:00,NV382,D,321,2018/1/19,16:55:00,NV382,I,QFL,OSU,W
PK070,2018/1/19,15:25:00,NV6453,D,323,2018/1/19,16:45:00,NV0746,D,TAY,LXM,W
PK071,2018/1/19,15:30:00,NV657,I,33E,2018/1/19,19:45:00,NV848,I,TJO,NFM,N
PK072,2018/1/19,15:35:00,GN0497,D,73L,2018/1/20,17:05:00,GN0644,D,OOH,YNO,W
PK073,2018/1/19,15:35:00,NV641,I,320,2018/1/19,16:40:00,NV6736,D,OHP,EMD,W
PK074,2018/1/19,15:35:00,NV6537,D,320,2018/1/19,16:50:00,NV6768,D,DLH,IEH,W
PK075,2018/1/19,15:35:00,NV669,I,319,2018/1/19,17:40:00,NV304,I,LNR,IJK,W
PK076,2018/1/19,15:40:00,GN965,I,73H,2018/1/19,18:00:00,GN0454,D,CLL,EZH,W
PK077,2018/1/19,15:40:00,NV6173,I,323,2018/1/19,17:05:00,NV6462,D,JDO,TAY,W
PK078,2018/1/19,15:45:00,NV302,D,320,2018/1/19,17:15:00,NV302,I,YJZ,OHP,W
PK079,2018/1/19,15:55:00,NV627,I,73E,2018/1/19,19:15:00,NV3787,D,LJY,ZJI,W
PK080,2018/1/19,15:55:00,NV6657,D,325,2018/1/19,18:10:00,NV830,I,ZOU,LJY,W
PK081,2018/1/19,15:55:00,NV813,I,320,2018/1/19,17:35:00,NV6726,D,ILH,ZLI,W
PK082,2018/1/19,16:05:00,NV6715,D,320,2018/1/19,17:40:00,NV6710,D,TIF,IJB,W
PK083,2018/1/19,16:15:00,NV3260,D,320,2018/1/19,18:05:00,NV3277,D,YJZ,YJZ,W
PK084,2018/1/19,16:15:00,NV6149,I,320,2018/1/19,18:00:00,NV6149,D,DKV,DUV,W
PK085,2018/1/19,16:20:00,NV6377,D,319,2018/1/19,20:00:00,NV6486,D,CIZ,EZH,W
PK086,2018/1/19,16:20:00,NV683,I,33L,2018/1/19,17:20:00,NV682,I,IOM,IOM,N
PK087,2018/1/19,16:30:00,NV3197,I,325,2018/1/19,17:30:00,NV6162,I,PLB,JDO,W
PK088,2018/1/19,16:30:00,NV3702,D,73H,2018/1/19,18:00:00,NV3702,I,XVI,OHP,W
PK089,2018/1/19,16:30:00,NV663,I,33H,2018/1/20,13:30:00,NV692,I,MIS,ZWS,N
PK090,2018/1/19,16:35:00,NV304,D,325,2018/1/19,18:30:00,NV834,I,DUV,ILH,W
PK091,2018/1/19,16:35:00,NV635,I,773,2018/1/19,21:00:00,NV688,I,OSU,MBY,N
PK092,2018/1/19,16:50:00,GN0637,D,738,2018/1/19,17:55:00,GN0636,D,XOA,XOA,W
PK093,2018/1/19,16:55:00,NV391,I,33L,2018/1/19,20:40:00,NV658,I,DUT,CLL,N
PK094,2018/1/19,16:55:00,NV693,I,33H,2018/1/20,13:00:00,NV662,I,ZWS,MIS,N
PK095,2018/1/19,17:00:00,*****,D,738,2018/1/19,17:50:00,GN0332,D,***,MIX,W
PK096,2018/1/19,17:05:00,NV6781,D,320,2018/1/19,18:10:00,NV642,I,EMD,GVL,W
PK097,2018/1/19,17:10:00,NV6119,I,325,2018/1/19,20:55:00,NV6720,D,UQF,ISC,W
PK098,2018/1/19,17:20:00,GN0299,D,738,2018/1/19,18:20:00,GN976,I,TIF,LCW,W
PK099,2018/1/19,17:20:00,GN0333,D,738,2018/1/19,20:05:00,GN0452,D,MIX,EZH,W
PK100,2018/1/19,17:30:00,NV6145,I,325,2018/1/19,20:00:00,NV860,I,JDO,QOI,W
PK101,2018/1/19,17:30:00,NV619,I,325,2018/1/19,18:40:00,NV624,I,ILH,SFQ,W
PK102,2018/1/19,17:35:00,GN0209,D,73A,2018/1/20,13:50:00,GN0658,D,BPH,UHP,W
PK103,2018/1/19,17:40:00,NV6301,D,325,2018/1/21, 8:5,NV3263,D,AVI,YJZ,W
PK104,2018/1/19,17:50:00,NV697,I,773,2018/1/20, 0:20,NV840,I,MBY,NFM,N
PK105,2018/1/19,17:55:00,NV3786,D,73E,2018/1/19,19:30:00,NV3631,D,ZJI,XVI,W
PK106,2018/1/19,17:55:00,NV6489,D,773,2018/1/20, 0:55,NV880,I,TZY,BLM,N
PK107,2018/1/19,18:00:00,NV601,I,773,2018/1/20, 0:5,NV664,I,TGP,DEH,N
PK108,2018/1/19,18:05:00,NV821,I,33H,2018/1/20, 0:20,NV608,I,NBE,ZWS,N
PK109,2018/1/19,18:05:00,NV897,D,33H,2018/1/21,13:00:00,NV662,I,YJZ,MIS,N
PK110,2018/1/19,18:10:00,GN0461,D,73H,2018/1/19,19:30:00,GN972,I,LXM,LVM,W
PK111,2018/1/19,18:15:00,NV3131,I,73H,2018/1/19,19:45:00,NV3131,D,GTA,XVI,W
PK112,2018/1/19,18:20:00,NV6253,D,320,2018/1/20,10:10:00,NV316,I,MMW,DOY,W
PK113,2018/1/19,18:20:00,NV831,I,320,2018/1/19,19:35:00,NV831,D,OHP,MIX,W
PK114,2018/1/19,18:25:00,NV615,I,320,2018/1/19,19:50:00,NV6784,D,ILH,EMD,W
PK115,2018/1/19,18:30:00,NV3421,D,319,2018/1/19,19:35:00,NV3410,D,YOO,YOO,W
PK116,2018/1/19,18:30:00,NV6525,D,325,2018/1/19,21:25:00,NV6472,D,DUV,TAY,W
PK117,2018/1/19,18:35:00,NV6779,D,320,2018/1/20, 7:45,NV6738,D,EMD,EMD,W
PK118,2018/1/19,18:40:00,GN941,I,73H,2018/1/19,19:45:00,GN978,I,QVT,CLJ,W
PK119,2018/1/19,18:40:00,NV6703,D,319,2018/1/19,19:30:00,*****,D,IAI,***,W
PK120,2018/1/19,18:45:00,NV399,I,325,2018/1/19,21:00:00,NV6312,D,PLB,IBL,W
PK121,2018/1/19,18:50:00,GN0465,D,738,2018/1/19,21:20:00,GN0428,D,XFI,DBO,W
PK122,2018/1/19,18:50:00,GN951,I,73H,2018/1/19,20:00:00,GN968,I,CLL,ILU,W
PK123,2018/1/19,18:55:00,GN0287,D,738,2018/1/19,21:10:00,GN0287,D,DHR,LXM,W
PK124,2018/1/19,18:55:00,NV6663,D,320,2018/1/19,23:10:00,NV6156,I,MZJ,DSL,W
PK125,2018/1/19,18:55:00,NV859,I,73H,2018/1/19,21:00:00,NV859,D,LJY,LNH,W
PK126,2018/1/19,19:10:00,GN0641,D,738,2018/1/19,21:00:00,GN946,I,XOA,IOE,W
PK127,2018/1/19,19:15:00,NV3119,I,321,2018/1/19,21:15:00,NV6297,D,NGN,QFL,W
PK128,2018/1/19,19:15:00,NV6714,D,320,2018/1/19,21:25:00,NV6714,D,AIB,TIF,W
PK129,2018/1/19,19:20:00,NV319,I,773,2018/1/20, 0:5,NV846,I,ZZA,TZE,N
PK130,2018/1/19,19:30:00,NV6199,I,73E,2018/1/19,21:30:00,NV3655,D,GVL,XVI,W
PK131,2018/1/19,19:30:00,NV673,I,33E,2018/1/20, 0:10,NV320,I,TZE,GSB,N
PK132,2018/1/19,19:30:00,NV699,I,773,2018/1/19,21:40:00,NV699,D,KGL,GPD,N
PK133,2018/1/19,19:35:00,NV633,I,325,2018/1/19,21:05:00,NV633,D,OSU,YJZ,W
PK134,2018/1/19,19:40:00,NV3622,D,319,2018/1/19,21:10:00,NV836,I,XVI,ILH,W
PK135,2018/1/19,19:40:00,NV849,I,33E,2018/1/19,23:30:00,NV654,I,NFM,TJO,N
PK136,2018/1/19,19:50:00,NV6753,D,319,2018/1/20, 8:15,NV6358,D,EMD,EBU,W
PK137,2018/1/19,20:00:00,GN939,I,73H,2018/1/19,21:05:00,GN0260,D,JDO,DHR,W
PK138,2018/1/19,20:00:00,NV6324,D,73H,2018/1/19,21:00:00,NV6325,D,UZO,UZO,W
PK139,2018/1/19,20:00:00,NV6527,D,320,2018/1/19,21:30:00,NV6528,D,DUV,DUV,W
PK140,2018/1/19,20:00:00,NV827,I,33E,2018/1/19,21:55:00,NV826,I,COF,COF,N
PK141,2018/1/19,20:05:00,GN0205,D,73A,2018/1/19,21:00:00,GN0494,D,TIF,OOH,W
PK142,2018/1/19,20:10:00,GN0237,D,73H,2018/1/20,10:40:00,GN920,I,SJA,UTB,W
PK143,2018/1/19,20:10:00,GN0261,D,73H,2018/1/19,21:05:00,GN0300,D,YNO,TXB,W
PK144,2018/1/19,20:10:00,NV621,I,325,2018/1/20, 1:50,NV322,I,ILH,NOM,W
PK145,2018/1/19,20:10:00,NV6317,D,319,2018/1/20,13:55:00,NV6540,D,ITO,UTO,W
PK146,2018/1/19,20:15:00,NV6551,D,320,2018/1/19,21:05:00,NV6544,D,UTO,DLH,W
PK147,2018/1/19,20:15:00,NV6725,D,320,2018/1/20, 8:20,NV6724,D,ISC,ISC,W
PK148,2018/1/19,20:20:00,NV6549,D,319,2018/1/20, 9:30,NV306,I,OBP,LJK,W
PK149,2018/1/19,20:25:00,NV317,I,320,2018/1/20, 0:15,NV6134,I,DOY,DFC,W
PK150,2018/1/19,20:25:00,NV3278,D,325,2018/1/20, 6:40,NV3446,D,YJZ,YJZ,W
PK151,2018/1/19,20:30:00,NV6117,I,33E,2018/1/20,10:05:00,NV866,D,UQF,LNH,N
PK152,2018/1/19,20:30:00,NV6578,D,320,2018/1/19,21:35:00,NV6578,D,TZY,IGF,W
PK153,2018/1/19,20:30:00,NV6772,D,325,2018/1/19,22:05:00,NV6772,D,GPD,EMD,W
PK154,2018/1/19,20:40:00,*****,D,319,2018/1/19,21:30:00,NV6478,D,***,DTY,W
PK155,2018/1/19,20:45:00,NV6375,D,323,2018/1/20, 9:0,NV6230,D,ZOU,QFL,W
PK156,2018/1/19,21:00:00,NV6495,D,320,2018/1/20, 8:0,NV6154,I,AZJ,QVT,W
PK157,2018/1/19,21:00:00,NV6633,D,320,2018/1/19,22:10:00,NV6632,D,UBP,UBP,W
PK158,2018/1/19,21:00:00,NV6811,D,320,2018/1/19,22:20:00,NV6811,D,VSD,OHC,W
PK159,2018/1/19,21:05:00,NV651,I,33E,2018/1/20,12:30:00,NV898,I,IOE,GDP,N
PK160,2018/1/19,21:05:00,NV6642,D,320,2018/1/19,22:20:00,NV6642,D,TIF,LIO,W
PK161,2018/1/19,21:10:00,NV6643,D,320,2018/1/19,22:00:00,NV392,I,LIO,THO,W
PK162,2018/1/19,21:15:00,GN0409,D,738,2018/1/19,22:40:00,GN0368,D,DTY,YNO,W
PK163,2018/1/19,21:15:00,GN933,I,738,2018/1/19,22:45:00,GN933,D,LJY,DHP,W
PK164,2018/1/19,21:20:00,GN0629,D,738,2018/1/19,22:20:00,GN0620,D,XOA,XOA,W
PK165,2018/1/19,21:20:00,NV6699,D,320,2018/1/20, 8:55,NV336,I,GPD,LJY,W
PK166,2018/1/19,21:30:00,GN997,I,73H,2018/1/19,22:30:00,GN952,I,LVM,CLL,W
PK167,2018/1/19,21:30:00,NV679,I,33E,2018/1/19,22:20:00,*****,D,TJO,***,N
PK168,2018/1/19,21:40:00,NV6241,D,325,2018/1/20, 9:25,NV6376,D,QFL,CIZ,W
PK169,2018/1/19,21:45:00,NV6737,D,320,2018/1/19,22:50:00,NV3993,D,EMD,OLH,W
PK170,2018/1/19,21:50:00,NV3270,D,321,2018/1/20, 8:5,NV3263,D,YJZ,YJZ,W
PK171,2018/1/19,21:50:00,NV6319,D,73E,2018/1/20, 8:30,NV6734,D,MAI,EMD,W
PK172,2018/1/19,22:00:00,GN0257,D,73H,2018/1/19,22:50:00,*****,D,ZDV,***,W
PK173,2018/1/19,22:00:00,GN0541,D,738,2018/1/20, 6:40,GN0480,D,IOZ,LXM,W
PK174,2018/1/19,22:00:00,NV6405,D,320,2018/1/20, 9:55,NV3280,D,DHP,ZOU,W
PK175,2018/1/19,22:05:00,GN0489,D,73E,2018/1/20, 7:30,GN0282,D,LXM,ISC,W
PK176,2018/1/19,22:05:00,NV3553,D,320,2018/1/19,23:15:00,NV6652,D,UOB,UOB,W
PK177,2018/1/19,22:05:00,NV6769,D,320,2018/1/20, 8:35,NV612,I,IEH,ILH,W
PK178,2018/1/19,22:10:00,GN945,I,73H,2018/1/20, 9:40,GN0476,D,CLL,ZJI,W
PK179,2018/1/19,22:15:00,NV6763,D,320,2018/1/20, 6:40,NV6748,D,ZOK,IEH,W
PK180,2018/1/19,22:25:00,GN0247,D,73A,2018/1/20, 6:55,GN0252,D,CBW,CQF,W
PK181,2018/1/19,22:25:00,GN0645,D,325,2018/1/20, 8:55,GN0478,D,YNO,TIF,W
PK182,2018/1/19,22:30:00,GN0291,D,73E,2018/1/20, 8:0,GN0522,D,DHR,NJH,W
PK183,2018/1/19,22:30:00,GN0639,D,73H,2018/1/20, 9:10,GN912,I,DBO,UTB,W
PK184,2018/1/19,22:45:00,NV0747,D,323,2018/1/20, 9:5,NV6446,D,LXM,TAY,W
PK185,2018/1/19,22:50:00,NV617,I,321,2018/1/20, 8:55,NV6616,D,ILH,GPD,W
PK186,2018/1/19,22:50:00,NV6379,D,319,2018/1/20, 9:50,NV872,I,ZCQ,LPK,W
PK187,2018/1/19,22:55:00,NV6615,D,319,2018/1/20, 8:25,NV6548,D,HZT,OBP,W
PK188,2018/1/19,23:00:00,NV6557,D,73E,2018/1/20, 6:55,NV3286,D,LXF,ARA,W
PK189,2018/1/19,23:10:00,GN0285,D,73A,2018/1/20, 9:25,GN936,I,KOH,UPZ,W
PK190,2018/1/19,23:10:00,NV3464,D,325,2018/1/20,10:15:00,NV6160,I,MIX,DKV,W
PK191,2018/1/19,23:15:00,GN0363,D,73E,2018/1/20, 9:0,GN0414,D,IBL,DBO,W
PK192,2018/1/19,23:20:00,GN0455,D,73H,2018/1/20, 7:35,GN0234,D,EZH,UWT,W
PK193,2018/1/19,23:20:00,NV3447,D,319,2018/1/20, 9:20,NV6504,D,YJZ,DLH,W
PK194,2018/1/19,23:25:00,NV6471,D,323,2018/1/20,11:10:00,NV6656,D,TAY,ZOU,W
PK195,2018/1/19,23:30:00,NV3195,D,319,2018/1/20, 9:5,NV6514,D,UTO,DUV,W
PK196,2018/1/19,23:40:00,GN0643,D,323,2018/1/20,14:10:00,NV6722,D,IBL,EMD,W
PK197,2018/1/19,23:55:00,GN0405,D,73E,2018/1/20, 9:25,GN0548,D,ETO,CBW,W
PK198,2018/1/19, 0:15,GN0679,D,738,2018/1/19, 1:5,*****,D,DHP,***,W
PK199,2018/1/19, 0:15,NV6723,D,325,2018/1/19, 1:5,*****,D,EMD,***,W
PK200,2018/1/19, 0:20,GN967,I,738,2018/1/19, 9:25,GN0630,D,CLL,XOA,W
PK201,2018/1/19, 0:25,NV6201,D,319,2018/1/19, 7:30,NV3615,D,MMG,XVI,W
PK202,2018/1/19, 1:30,NV6487,D,319,2018/1/19, 8:20,NV6552,D,EZH,EBY,W
PK203,2018/1/19, 1:35,GN0453,D,738,2018/1/19,10:25:00,GN0628,D,EZH,XOA,W
PK204,2018/1/19, 1:45,GN0659,D,73A,2018/1/19, 9:5,GN0572,D,UHP,XYO,W
PK205,2018/1/19, 4:10,NV677,I,332,2018/1/19,17:10:00,NV6170,I,TJO,DHL,N
PK206,2018/1/19, 4:25,NV625,I,325,2018/1/19, 9:15,NV6152,I,SFQ,JDO,W
PK207,2018/1/19, 4:55,NV675,I,33L,2018/1/19, 6:55,NV675,D,EFM,QFL,N
PK208,2018/1/19, 5:0,NV847,I,773,2018/1/20,14:20:00,NV690,I,TZE,TGP,N
PK209,2018/1/19, 5:10,NV609,I,33H,2018/1/19,13:30:00,NV692,I,ZWS,ZWS,N
PK210,2018/1/19, 5:15,NV309,I,773,2018/1/19, 9:10,NV634,I,KGL,OSU,N
PK211,2018/1/19, 5:20,NV871,I,325,2018/1/19,10:20:00,NV3196,I,QOI,PLB,W
PK212,2018/1/19, 5:40,NV655,I,33E,2018/1/19, 7:40,NV655,D,TJO,DHR,N
PK213,2018/1/19, 5:45,NV891,I,773,2018/1/19,13:20:00,NV694,I,BLM,MBY,N
PK214,2018/1/19, 5:55,GN979,I,73H,2018/1/19,12:00:00,GN944,I,CLJ,CLL,W
PK215,2018/1/19, 5:55,NV851,I,773,2018/1/19,11:40:00,NV828,I,NFM,PSE,N
PK216,2018/1/19, 6:0,GN977,I,738,2018/1/19,10:15:00,GN0464,D,LCW,XFI,W
PK217,2018/1/19, 6:25,NV689,I,773,2018/1/19,12:05:00,NV318,I,MBY,ZZA,N
PK218,2018/1/19, 6:30,GN943,I,73H,2018/1/19, 9:20,GN996,I,ILU,LVM,W
PK219,2018/1/19, 7:0,NV6157,I,320,2018/1/19, 8:15,NV6358,D,DSL,EBU,W
PK220,2018/1/19, 7:0,NV665,I,773,2018/1/19,10:00:00,NV6579,D,DEH,TZY,N
PK221,2018/1/19, 7:15,GN969,I,73H,2018/1/19, 9:10,GN912,I,ILU,UTB,W
PK222,2018/1/19, 7:20,GN973,I,73H,2018/1/19, 8:35,GN940,I,LVM,CLL,W
PK223,2018/1/19, 7:20,NV659,I,33L,2018/1/19,14:35:00,NV676,I,CLL,TJO,N
PK224,2018/1/19, 7:40,NV331,I,33E,2018/1/19,13:00:00,NV640,I,GSB,IOE,N
PK225,2018/1/19, 7:5,NV393,I,320,2018/1/19, 9:30,NV6576,D,THO,LIO,W
PK226,2018/1/19, 8:15,NV6700,D,320,2018/1/19, 9:15,NV6700,D,OHC,VSD,W
PK227,2018/1/19, 8:25,NV3992,D,320,2018/1/19, 9:30,NV630,I,OLH,OHP,W
PK228,2018/1/19, 8:35,NV6135,I,320,2018/1/19,10:10:00,NV316,I,DFC,DOY,W
PK229,2018/1/19, 8:35,*****,D,738,2018/1/19, 9:25,GN0408,D,***,DTY,W
PK230,2018/1/19, 8:40,NV6577,D,320,2018/1/19, 9:50,NV6577,D,LIO,TIF,W
PK231,2018/1/19, 8:40,NV6697,D,73H,2018/1/19, 9:45,NV6612,D,XOA,XOA,W
PK232,2018/1/19, 8:45,NV6579,D,320,2018/1/19,13:55:00,NV6540,D,IGF,UTO,W
PK233,2018/1/19, 8:45,NV6645,D,320,2018/1/19,10:20:00,NV3552,D,UOB,UOB,W
PK234,2018/1/19, 8:55,GN0369,D,738,2018/1/19,10:35:00,GN0202,D,YNO,EMD,W
PK235,2018/1/19, 8:55,NV3620,D,73E,2018/1/19,10:00:00,NV626,I,XVI,LJY,W
PK236,2018/1/19, 8:55,NV6623,D,320,2018/1/19, 9:55,NV3280,D,UBP,ZOU,W
PK237,2018/1/19, 9:15,NV628,D,73H,2018/1/19,10:35:00,NV628,I,XVI,GVL,W
PK238,2018/1/19, 9:15,NV6313,D,325,2018/1/19,10:15:00,NV6160,I,IBL,DKV,W
PK239,2018/1/19, 9:20,NV698,D,773,2018/1/19,11:30:00,NV698,I,GPD,KGL,N
PK240,2018/1/19, 9:25,NV6773,D,325,2018/1/19,10:40:00,NV6773,D,EMD,GPD,W
PK241,2018/1/19, 9:30,GN0439,D,738,2018/1/19,21:45:00,GN0170,D,DHP,UTO,W
PK242,2018/1/19, 9:35,NV3513,D,73H,2018/1/19,10:45:00,NV3512,D,UZO,UZO,W
PK243,2018/1/19, 9:35,NV602,D,33L,2018/1/19,11:25:00,NV602,I,TZY,TWP,N
PK244,2018/1/19, 9:35,NV6655,D,320,2018/1/19,11:15:00,NV6622,D,ZOU,UBP,W
PK245,2018/1/19, 9:40,GN0571,D,73A,2018/1/19,11:00:00,GN0284,D,LXF,KOH,W
PK246,2018/1/19, 9:40,NV6533,D,320,2018/1/19,11:05:00,NV6536,D,DLH,DLH,W
PK247,2018/1/19, 9:45,GN0493,D,738,2018/1/19,11:00:00,GN0493,D,LXM,DHR,W
PK248,2018/1/19, 9:45,NV6163,I,325,2018/1/19,11:10:00,NV6656,D,JDO,ZOU,W
PK249,2018/1/19, 9:50,GN0181,D,738,2018/1/19,11:05:00,GN0298,D,UTO,TIF,W
PK250,2018/1/19, 9:50,GN0413,D,738,2018/1/19,14:15:00,GN966,I,DBO,CLL,W
PK251,2018/1/19, 9:50,NV6479,D,319,2018/1/19,11:05:00,NV6752,D,DTY,EMD,W
PK252,2018/1/19, 9:50,NV837,I,325,2018/1/19,11:00:00,NV6518,D,ILH,DUV,W
PK253,2018/1/20,10:00:00,NV6294,D,321,2018/1/20,12:40:00,NV3118,I,QFL,NGN,W
PK254,2018/1/20,10:05:00,NV6513,D,320,2018/1/20,12:30:00,NV305,D,DUV,DUV,W
PK255,2018/1/20,10:10:00,GN0411,D,73H,2018/1/20,12:00:00,GN944,I,TXB,CLL,W
PK256,2018/1/20,10:10:00,NV6443,D,325,2018/1/20,13:05:00,NV6488,D,TAY,TZY,W
PK257,2018/1/20,10:15:00,NV3120,D,73H,2018/1/20,11:15:00,NV3120,I,XVI,GTA,W
PK258,2018/1/20,10:15:00,NV632,D,325,2018/1/20,11:45:00,NV632,I,YJZ,OSU,W
PK259,2018/1/20,10:20:00,GN0495,D,73A,2018/1/20,11:20:00,GN0460,D,OOH,AIB,W
PK260,2018/1/20,10:20:00,NV323,I,325,2018/1/20,12:15:00,NV614,I,NOM,ILH,W
PK261,2018/1/20,10:20:00,NV687,I,325,2018/1/20,12:15:00,NV6144,I,IOE,JDO,W
PK262,2018/1/20,10:25:00,NV6731,D,325,2018/1/20,11:25:00,NV618,I,ISC,ILH,W
PK263,2018/1/20,10:25:00,NV820,D,320,2018/1/20,11:35:00,NV820,I,MIX,OHP,W
PK264,2018/1/20,10:30:00,GN0457,D,738,2018/1/20,13:05:00,GN0446,D,DHP,MGR,W
PK265,2018/1/20,10:30:00,NV858,D,73H,2018/1/20,12:15:00,NV858,I,LNH,LJY,W
PK266,2018/1/20,10:35:00,NV6713,D,320,2018/1/20,12:25:00,NV6713,D,TIF,AIB,W
PK267,2018/1/20,10:40:00,GN0271,D,73H,2018/1/20,12:00:00,GN0236,D,DHR,SJA,W
PK268,2018/1/20,10:40:00,NV303,I,320,2018/1/20,12:30:00,NV303,D,OHP,YJZ,W
PK269,2018/1/20,10:45:00,NV643,I,320,2018/1/20,12:05:00,NV6732,D,GVL,EMD,W
PK270,2018/1/20,11:00:00,NV305,I,319,2018/1/20,12:15:00,NV6316,D,IJK,ITO,W
PK271,2018/1/20,11:00:00,NV6785,D,320,2018/1/20,13:10:00,NV398,I,EMD,PLB,W
PK272,2018/1/20,11:05:00,NV6307,D,320,2018/1/20,18:05:00,NV6308,D,DUV,DUV,W
PK273,2018/1/20,11:20:00,NV6535,D,320,2018/1/20,12:10:00,*****,D,DLH,***,W
PK274,2018/1/20,11:25:00,NV841,I,325,2018/1/20,13:15:00,NV610,I,LJY,ILH,W
PK275,2018/1/20,12:00:00,NV835,I,325,2018/1/20,18:10:00,NV830,I,ILH,LJY,W
PK276,2018/1/20,12:20:00,NV6749,D,320,2018/1/20,13:25:00,NV6510,D,IEH,MZJ,W
PK277,2018/1/20,12:25:00,GN0253,D,73A,2018/1/20,13:35:00,GN0204,D,CQF,TIF,W
PK278,2018/1/20,12:25:00,NV3703,I,73H,2018/1/20,13:55:00,NV3703,D,OHP,XVI,W
PK279,2018/1/20,12:40:00,GN0491,D,738,2018/1/20,15:50:00,GN0326,D,LXM,AVI,W
PK280,2018/1/20,12:55:00,NV674,D,33L,2018/1/20,14:25:00,NV674,I,QFL,EFM,N
PK281,2018/1/20,13:00:00,GN0201,D,73H,2018/1/20,14:05:00,GN930,I,KOA,QVT,W
PK282,2018/1/20,13:05:00,NV3287,D,73E,2018/1/20,16:30:00,NV6556,D,ARA,LXF,W
PK283,2018/1/20,13:10:00,GN0235,D,73H,2018/1/20,14:20:00,GN0250,D,UWT,YNO,W
PK284,2018/1/20,13:15:00,NV3266,D,325,2018/1/20,14:15:00,NV3269,D,YJZ,YJZ,W
PK285,2018/1/20,13:20:00,NV6155,I,320,2018/1/20,14:25:00,NV6494,D,QVT,AZJ,W
PK286,2018/1/20,13:25:00,NV6735,D,73E,2018/1/20,14:30:00,NV6198,I,EMD,GVL,W
PK287,2018/1/20,13:40:00,GN913,I,73H,2018/1/20,14:45:00,GN938,I,UTB,JDO,W
PK288,2018/1/20,13:40:00,NV6719,D,320,2018/1/20,14:50:00,NV6718,D,IJB,TIF,W
PK289,2018/1/20,13:50:00,GN932,D,738,2018/1/20,14:55:00,GN932,I,DHP,LJY,W
PK290,2018/1/20,13:50:00,NV383,I,321,2018/1/20,15:30:00,NV383,D,OSU,QFL,W
PK291,2018/1/20,13:55:00,NV6727,D,320,2018/1/20,17:25:00,NV6768,D,ZLI,IEH,W
PK292,2018/1/20,14:00:00,NV6153,I,325,2018/1/20,15:45:00,NV6116,I,JDO,UQF,W
PK293,2018/1/20,14:10:00,NV6575,D,320,2018/1/20,15:20:00,NV6574,D,IGF,IGF,W
PK294,2018/1/20,14:20:00,NV3654,D,73E,2018/1/20,15:25:00,NV6318,D,XVI,MAI,W
PK295,2018/1/20,14:25:00,NV6171,I,325,2018/1/20,16:15:00,NV6742,D,DKV,GPD,W
PK296,2018/1/20,14:25:00,NV873,I,319,2018/1/20,15:40:00,NV6378,D,LPK,ZCQ,W
PK297,2018/1/20,14:30:00,NV6709,D,323,2018/1/20,17:20:00,NV3273,D,DHR,YJZ,W
PK298,2018/1/20,14:35:00,NV6359,D,319,2018/1/20,16:30:00,NV6614,D,EBU,HZT,W
PK299,2018/1/20,14:40:00,GN0477,D,73H,2018/1/20,16:10:00,GN0638,D,ZJI,DBO,W
PK300,2018/1/20,14:45:00,NV6685,D,320,2018/1/20,15:55:00,NV6685,D,LPX,UBP,W
PK301,2018/1/20,14:45:00,NV6711,D,325,2018/1/20,17:10:00,NV686,I,GPD,IOE,W
PK302,2018/1/20,14:50:00,GN953,I,73H,2018/1/20,19:30:00,GN942,I,CLL,ILU,W
PK303,2018/1/20,14:50:00,NV613,I,320,2018/1/20,16:15:00,NV616,I,ILH,ILH,W
PK304,2018/1/20,14:50:00,NV681,I,33H,2018/1/20,16:10:00,NV656,I,DEH,TJO,N
PK305,2018/1/20,14:55:00,GN0283,D,73E,2018/1/20,15:55:00,GN0362,D,ISC,IBL,W
PK306,2018/1/20,14:55:00,GN0479,D,325,2018/1/20,16:05:00,GN0280,D,TIF,DHR,W
PK307,2018/1/20,14:55:00,GN0523,D,73E,2018/1/20,16:35:00,GN0348,D,NJH,TZY,W
PK308,2018/1/20,15:00:00,NV899,I,33E,2018/1/20,20:20:00,NV672,I,GDP,TZE,N
PK309,2018/1/20,15:00:00,*****,D,320,2018/1/20,15:50:00,NV3465,D,***,MIX,W
PK310,2018/1/20,15:10:00,GN0423,D,73E,2018/1/20,16:20:00,GN0642,D,DBO,IBL,W
PK311,2018/1/20,15:15:00,NV629,I,73H,2018/1/20,16:50:00,NV629,D,GVL,XVI,W
PK312,2018/1/20,15:20:00,GN0203,D,738,2018/1/20,16:10:00,*****,D,EMD,***,W
PK313,2018/1/20,15:20:00,NV382,D,321,2018/1/20,16:55:00,NV382,I,QFL,OSU,W
PK314,2018/1/20,15:25:00,GN931,I,73H,2018/1/20,17:00:00,GN980,I,UTB,LCW,W
PK315,2018/1/20,15:25:00,NV6453,D,323,2018/1/20,16:45:00,NV0746,D,TAY,LXM,W
PK316,2018/1/20,15:30:00,NV657,I,33E,2018/1/20,19:45:00,NV848,I,TJO,NFM,N
PK317,2018/1/20,15:35:00,NV641,I,320,2018/1/20,16:40:00,NV6736,D,OHP,EMD,W
PK318,2018/1/20,15:40:00,GN965,I,73H,2018/1/20,18:30:00,GN964,I,CLL,CLL,W
PK319,2018/1/20,15:45:00,NV302,D,320,2018/1/20,17:15:00,NV302,I,YJZ,OHP,W
PK320,2018/1/20,15:55:00,GN0549,D,73E,2018/1/20,17:30:00,GN0404,D,CBW,ETO,W
PK321,2018/1/20,15:55:00,GN937,I,73A,2018/1/20,17:00:00,GN0246,D,UPZ,CBW,W
PK322,2018/1/20,15:55:00,NV627,I,73E,2018/1/20,19:15:00,NV3787,D,LJY,ZJI,W
PK323,2018/1/20,15:55:00,NV6657,D,323,2018/1/20,17:05:00,NV6462,D,ZOU,TAY,W
PK324,2018/1/20,15:55:00,NV813,I,325,2018/1/20,17:30:00,NV6162,I,ILH,JDO,W
PK325,2018/1/20,16:05:00,NV6715,D,320,2018/1/20,17:40:00,NV6710,D,TIF,IJB,W
PK326,2018/1/20,16:15:00,NV3260,D,320,2018/1/20,18:05:00,NV3277,D,YJZ,YJZ,W
PK327,2018/1/20,16:20:00,NV6377,D,325,2018/1/20,18:30:00,NV834,I,CIZ,ILH,W
PK328,2018/1/20,16:20:00,NV683,I,33L,2018/1/21, 7:55,NV380,I,IOM,DUT,N
PK329,2018/1/20,16:30:00,NV3197,I,320,2018/1/20,17:35:00,NV6726,D,PLB,ZLI,W
PK330,2018/1/20,16:30:00,NV3702,D,73H,2018/1/20,18:00:00,NV3702,I,XVI,OHP,W
PK331,2018/1/20,16:30:00,NV663,I,33H,2018/1/20,20:05:00,NV6588,D,MIS,LNH,N
PK332,2018/1/20,16:35:00,NV304,D,319,2018/1/20,17:40:00,NV304,I,DUV,IJK,W
PK333,2018/1/20,16:35:00,NV635,I,773,2018/1/20,20:00:00,NV308,I,OSU,KGL,N
PK334,2018/1/20,16:40:00,NV307,I,319,2018/1/20,17:35:00,NV638,I,LJK,PLK,W
PK335,2018/1/20,16:50:00,GN0637,D,738,2018/1/20,17:55:00,GN0636,D,XOA,XOA,W
PK336,2018/1/20,16:55:00,NV391,I,33L,2018/1/21,13:40:00,NV342,I,DUT,DNC,N
PK337,2018/1/20,16:55:00,NV6717,D,320,2018/1/20,18:10:00,NV642,I,INJ,GVL,W
PK338,2018/1/20,16:55:00,NV693,I,33H,2018/1/21, 0:15,NV882,I,ZWS,BNT,N
PK339,2018/1/20,17:00:00,*****,D,738,2018/1/20,17:50:00,GN0332,D,***,MIX,W
PK340,2018/1/20,17:10:00,NV6119,I,33E,2018/1/21,12:30:00,NV898,I,UQF,GDP,N
PK341,2018/1/20,17:20:00,GN0299,D,738,2018/1/20,18:20:00,GN976,I,TIF,LCW,W
PK342,2018/1/20,17:20:00,GN0333,D,738,2018/1/21,15:50:00,GN0326,D,MIX,AVI,W
PK343,2018/1/20,17:30:00,NV6145,I,325,2018/1/21, 9:15,NV6152,I,JDO,JDO,W
PK344,2018/1/20,17:30:00,NV619,I,325,2018/1/20,18:40:00,NV624,I,ILH,SFQ,W
PK345,2018/1/20,17:35:00,GN0209,D,73A,2018/1/20,21:00:00,GN0494,D,BPH,OOH,W
PK346,2018/1/20,17:40:00,NV6301,D,325,2018/1/20,20:55:00,NV6720,D,AVI,ISC,W
PK347,2018/1/20,17:50:00,NV697,I,773,2018/1/20,21:00:00,NV688,I,MBY,MBY,N
PK348,2018/1/20,18:00:00,NV3786,D,73E,2018/1/20,19:30:00,NV3631,D,ZJI,XVI,W
PK349,2018/1/20,18:00:00,NV601,I,773,2018/1/21, 0:20,NV840,I,TGP,NFM,N
PK350,2018/1/20,18:10:00,GN0461,D,73H,2018/1/20,19:30:00,GN972,I,LXM,LVM,W
PK351,2018/1/20,18:15:00,NV3131,I,73H,2018/1/20,19:45:00,NV3131,D,GTA,XVI,W
PK352,2018/1/20,18:20:00,NV6489,D,33L,2018/1/20,20:40:00,NV658,I,TZY,CLL,N
PK353,2018/1/20,18:20:00,NV831,I,320,2018/1/20,19:35:00,NV831,D,OHP,MIX,W
PK354,2018/1/20,18:25:00,NV615,I,325,2018/1/20,21:00:00,NV6312,D,ILH,IBL,W
PK355,2018/1/20,18:30:00,NV3421,D,319,2018/1/20,19:35:00,NV3410,D,YOO,YOO,W
PK356,2018/1/20,18:30:00,NV6525,D,325,2018/1/20,21:25:00,NV6472,D,DUV,TAY,W
PK357,2018/1/20,18:35:00,NV6739,D,320,2018/1/21, 7:45,NV6738,D,EMD,EMD,W
PK358,2018/1/20,18:40:00,GN941,I,73H,2018/1/20,19:45:00,GN978,I,QVT,CLJ,W
PK359,2018/1/20,18:45:00,NV399,I,320,2018/1/20,19:50:00,NV6784,D,PLB,EMD,W
PK360,2018/1/20,18:50:00,GN0465,D,738,2018/1/20,20:05:00,GN0452,D,XFI,EZH,W
PK361,2018/1/20,18:50:00,GN951,I,73H,2018/1/20,20:00:00,GN968,I,CLL,ILU,W
PK362,2018/1/20,18:50:00,NV3622,D,319,2018/1/20,20:00:00,NV6486,D,XVI,EZH,W
PK363,2018/1/20,18:50:00,NV829,I,773,2018/1/21, 0:5,NV664,I,PSE,DEH,N
PK364,2018/1/20,18:55:00,GN0287,D,738,2018/1/20,21:10:00,GN0287,D,DHR,LXM,W
PK365,2018/1/20,18:55:00,NV6663,D,320,2018/1/20,20:00:00,NV860,I,MZJ,QOI,W
PK366,2018/1/20,18:55:00,NV859,I,73H,2018/1/20,21:00:00,NV859,D,LJY,LNH,W
PK367,2018/1/20,19:10:00,GN0641,D,738,2018/1/20,21:20:00,GN0428,D,XOA,DBO,W
PK368,2018/1/20,19:15:00,NV3119,I,321,2018/1/20,21:15:00,NV6297,D,NGN,QFL,W
PK369,2018/1/20,19:15:00,NV6714,D,320,2018/1/20,21:25:00,NV6714,D,AIB,TIF,W
PK370,2018/1/20,19:20:00,NV319,I,773,2018/1/21, 0:5,NV846,I,ZZA,TZE,N
PK371,2018/1/20,19:20:00,NV337,I,320,2018/1/20,23:10:00,NV6156,I,LJY,DSL,W
PK372,2018/1/20,19:30:00,NV6199,I,73E,2018/1/20,21:30:00,NV3655,D,GVL,XVI,W
PK373,2018/1/20,19:30:00,NV673,I,33E,2018/1/21, 0:10,NV320,I,TZE,GSB,N
PK374,2018/1/20,19:30:00,NV699,I,773,2018/1/20,21:40:00,NV699,D,KGL,GPD,N
PK375,2018/1/20,19:35:00,NV633,I,325,2018/1/20,21:05:00,NV633,D,OSU,YJZ,W
PK376,2018/1/20,19:40:00,NV6763,D,320,2018/1/20,21:05:00,NV6544,D,ZOK,DLH,W
PK377,2018/1/20,19:40:00,NV849,I,33E,2018/1/20,23:30:00,NV654,I,NFM,TJO,N
PK378,2018/1/20,19:50:00,NV6753,D,319,2018/1/20,21:10:00,NV836,I,EMD,ILH,W
PK379,2018/1/20,20:00:00,GN939,I,73H,2018/1/20,21:05:00,GN0300,D,JDO,TXB,W
PK380,2018/1/20,20:00:00,NV6324,D,73E,2018/1/20,21:00:00,NV6325,D,UZO,UZO,W
PK381,2018/1/20,20:00:00,NV6527,D,320,2018/1/20,21:30:00,NV6528,D,DUV,DUV,W
PK382,2018/1/20,20:00:00,NV827,I,33E,2018/1/20,21:55:00,NV826,I,COF,COF,N
PK383,2018/1/20,20:05:00,GN0205,D,73A,2018/1/20,21:35:00,GN0560,D,TIF,LXF,W
PK384,2018/1/20,20:10:00,GN0237,D,73H,2018/1/21, 9:10,GN912,I,SJA,UTB,W
PK385,2018/1/20,20:10:00,GN0261,D,73H,2018/1/20,21:05:00,GN0260,D,YNO,DHR,W
PK386,2018/1/20,20:10:00,NV621,I,325,2018/1/21, 1:50,NV322,I,ILH,NOM,W
PK387,2018/1/20,20:10:00,NV6317,D,319,2018/1/21, 8:15,NV6358,D,ITO,EBU,W
PK388,2018/1/20,20:15:00,NV6551,D,319,2018/1/20,21:05:00,*****,D,UTO,***,W
PK389,2018/1/20,20:15:00,NV6725,D,320,2018/1/21, 8:20,NV6724,D,ISC,ISC,W
PK390,2018/1/20,20:20:00,NV6549,D,319,2018/1/21, 8:25,NV6548,D,OBP,OBP,W
PK391,2018/1/20,20:25:00,NV317,I,320,2018/1/21, 0:15,NV6134,I,DOY,DFC,W
PK392,2018/1/20,20:25:00,NV3278,D,325,2018/1/21, 6:40,NV3446,D,YJZ,YJZ,W
PK393,2018/1/20,20:30:00,NV6117,I,325,2018/1/21, 9:0,NV6230,D,UQF,QFL,W
PK394,2018/1/20,20:30:00,NV6578,D,325,2018/1/21, 9:0,NV6532,D,TZY,DLH,W
PK395,2018/1/20,20:30:00,NV6772,D,325,2018/1/20,22:05:00,NV6772,D,GPD,EMD,W
PK396,2018/1/20,20:40:00,*****,D,319,2018/1/20,21:30:00,NV6478,D,***,DTY,W
PK397,2018/1/20,21:00:00,NV6495,D,320,2018/1/21, 8:0,NV6154,I,AZJ,QVT,W
PK398,2018/1/20,21:00:00,NV6633,D,320,2018/1/20,22:10:00,NV6632,D,UBP,UBP,W
PK399,2018/1/20,21:00:00,NV6811,D,320,2018/1/20,22:20:00,NV6811,D,VSD,OHC,W
PK400,2018/1/20,21:05:00,NV651,I,33H,2018/1/21,12:25:00,NV670,I,IOE,DEH,N
PK401,2018/1/20,21:05:00,NV6642,D,320,2018/1/20,22:20:00,NV6642,D,TIF,LIO,W
PK402,2018/1/20,21:10:00,NV6643,D,320,2018/1/20,22:00:00,NV392,I,LIO,THO,W
PK403,2018/1/20,21:15:00,GN0409,D,738,2018/1/20,22:40:00,GN0368,D,DTY,YNO,W
PK404,2018/1/20,21:15:00,GN933,I,738,2018/1/21, 6:40,GN0480,D,LJY,LXM,W
PK405,2018/1/20,21:15:00,NV6505,D,319,2018/1/21, 9:30,NV668,I,DLH,LNR,W
PK406,2018/1/20,21:20:00,GN0629,D,738,2018/1/20,22:20:00,GN0620,D,XOA,XOA,W
PK407,2018/1/20,21:20:00,NV6653,D,320,2018/1/20,22:30:00,NV6652,D,UOB,UOB,W
PK408,2018/1/20,21:20:00,NV6699,D,321,2018/1/21, 8:55,NV6616,D,GPD,GPD,W
PK409,2018/1/20,21:30:00,GN997,I,73H,2018/1/20,22:30:00,GN952,I,LVM,CLL,W
PK410,2018/1/20,21:30:00,NV6733,D,320,2018/1/21, 6:40,NV6748,D,EMD,IEH,W
PK411,2018/1/20,21:30:00,NV679,I,33E,2018/1/21, 9:20,NV678,I,TJO,TJO,N
PK412,2018/1/20,21:40:00,NV6241,D,323,2018/1/21, 9:5,NV6446,D,QFL,TAY,W
PK413,2018/1/20,21:45:00,GN0455,D,738,2018/1/20,22:45:00,GN933,D,EZH,DHP,W
PK414,2018/1/20,21:45:00,NV6737,D,320,2018/1/20,22:50:00,NV3993,D,EMD,OLH,W
PK415,2018/1/20,21:50:00,NV6319,D,73E,2018/1/20,22:50:00,NV3652,D,MAI,DBO,W
PK416,2018/1/20,22:00:00,GN0257,D,73E,2018/1/21, 8:0,GN0522,D,ZDV,NJH,W
PK417,2018/1/20,22:00:00,GN0541,D,738,2018/1/21, 8:30,GN0678,D,IOZ,DHP,W
PK418,2018/1/20,22:00:00,NV6405,D,320,2018/1/21, 8:30,NV6636,D,DHP,ZOU,W
PK419,2018/1/20,22:05:00,GN0489,D,73E,2018/1/21, 7:30,GN0282,D,LXM,ISC,W
PK420,2018/1/20,22:05:00,NV3270,D,321,2018/1/21,12:40:00,NV3118,I,YJZ,NGN,W
PK421,2018/1/20,22:10:00,GN945,I,73H,2018/1/21, 9:20,GN996,I,CLL,LVM,W
PK422,2018/1/20,22:25:00,GN0645,D,73L,2018/1/20,23:15:00,*****,D,YNO,***,W
PK423,2018/1/20,22:30:00,GN0291,D,325,2018/1/21, 8:45,GN0496,D,DHR,OOH,W
PK424,2018/1/20,22:30:00,GN0639,D,73H,2018/1/21, 7:35,GN0234,D,DBO,UWT,W
PK425,2018/1/20,22:30:00,NV6769,D,320,2018/1/21, 6:55,NV6252,D,IEH,MMW,W
PK426,2018/1/20,22:45:00,NV0747,D,323,2018/1/21, 9:5,NV336,I,LXM,LJY,W
PK427,2018/1/20,22:50:00,NV617,I,320,2018/1/21,17:20:00,NV3273,D,ILH,YJZ,W
PK428,2018/1/20,22:50:00,NV6379,D,319,2018/1/21, 9:55,NV6202,D,ZCQ,ZDV,W
PK429,2018/1/20,22:55:00,NV6615,D,319,2018/1/21, 7:45,NV3615,D,HZT,XVI,W
PK430,2018/1/20,23:00:00,NV6557,D,73E,2018/1/21, 6:55,NV3286,D,LXF,ARA,W
PK431,2018/1/20,23:10:00,GN0285,D,738,2018/1/21,10:25:00,GN0628,D,KOH,XOA,W
PK432,2018/1/20,23:10:00,NV3464,D,320,2018/1/21, 8:35,NV612,I,MIX,ILH,W
PK433,2018/1/20,23:15:00,GN0363,D,73E,2018/1/21, 9:0,GN0414,D,IBL,DBO,W
PK434,2018/1/20,23:20:00,NV3447,D,323,2018/1/21,10:15:00,NV6160,I,YJZ,DKV,W
PK435,2018/1/20,23:25:00,GN0447,D,738,2018/1/21, 8:50,GN0456,D,MGR,DHP,W
PK436,2018/1/20,23:25:00,NV6471,D,323,2018/1/21,10:20:00,NV6172,I,TAY,JDO,W
PK437,2018/1/20,23:30:00,NV3195,D,319,2018/1/21, 9:5,NV6514,D,UTO,DUV,W
PK438,2018/1/20,23:40:00,GN0643,D,73E,2018/1/21, 9:0,GN0478,D,IBL,TIF,W
PK439,2018/1/20,23:50:00,GN0247,D,73A,2018/1/21, 9:5,GN0572,D,CBW,XYO,W
PK440,2018/1/20,23:55:00,GN0405,D,73E,2018/1/21, 9:25,GN0548,D,ETO,CBW,W
PK441,2018/1/20, 0:10,GN0349,D,73E,2018/1/20,15:50:00,GN0488,D,TZY,LXM,W
PK442,2018/1/20, 0:15,GN0401,D,738,2018/1/20, 8:30,GN0678,D,DHP,DHP,W
PK443,2018/1/20, 0:15,NV6723,D,323,2018/1/20, 7:50,NV6708,D,EMD,DHR,W
PK444,2018/1/20, 0:20,GN967,I,738,2018/1/20, 8:50,GN0456,D,CLL,DHP,W
PK445,2018/1/20, 0:25,NV6589,D,33H,2018/1/20,12:25:00,NV810,I,LNH,NBE,N
PK446,2018/1/20, 0:5,GN0657,D,738,2018/1/20, 8:10,GN0454,D,XVU,EZH,W
PK447,2018/1/20, 1:30,NV6487,D,319,2018/1/20, 6:55,NV3615,D,EZH,XVI,W
PK448,2018/1/20, 1:35,GN0453,D,738,2018/1/20, 9:15,GN0630,D,EZH,XOA,W
PK449,2018/1/20, 4:10,NV677,I,33L,2018/1/20, 7:55,NV380,I,TJO,DUT,N
PK450,2018/1/20, 4:25,NV625,I,325,2018/1/20, 9:15,NV6152,I,SFQ,JDO,W
PK451,2018/1/20, 4:40,GN947,I,738,2018/1/20,10:15:00,GN0464,D,IOE,XFI,W
PK452,2018/1/20, 4:55,NV675,I,33L,2018/1/20, 6:55,NV675,D,EFM,QFL,N
PK453,2018/1/20, 5:0,NV847,I,773,2018/1/20,13:20:00,NV694,I,TZE,MBY,N
PK454,2018/1/20, 5:15,NV309,I,773,2018/1/20, 9:10,NV634,I,KGL,OSU,N
PK455,2018/1/20, 5:20,NV871,I,325,2018/1/20, 9:25,NV812,I,QOI,ILH,W
PK456,2018/1/20, 5:35,NV347,I,33L,2018/1/20,12:10:00,NV346,I,NMF,NMF,N
PK457,2018/1/20, 5:40,NV655,I,332,2018/1/21,12:10:00,NV6118,I,TJO,UQF,N
PK458,2018/1/20, 5:45,NV891,I,773,2018/1/21, 0:55,NV880,I,BLM,BLM,N
PK459,2018/1/20, 5:55,GN979,I,73H,2018/1/20, 7:10,GN0290,D,CLJ,KOA,W
PK460,2018/1/20, 5:55,NV343,I,33E,2018/1/20,12:15:00,NV6118,I,DNC,UQF,N
PK461,2018/1/20, 5:55,NV851,I,773,2018/1/20,11:40:00,NV828,I,NFM,PSE,N
PK462,2018/1/20, 6:0,GN977,I,738,2018/1/20,10:25:00,GN0628,D,LCW,XOA,W
PK463,2018/1/20, 6:25,NV6181,I,332,2018/1/20,14:35:00,NV676,I,DHL,TJO,N
PK464,2018/1/20, 6:25,NV689,I,773,2018/1/20,12:05:00,NV318,I,MBY,ZZA,N
PK465,2018/1/20, 6:30,GN943,I,73H,2018/1/20, 9:20,GN996,I,ILU,LVM,W
PK466,2018/1/20, 6:55,NV883,I,33H,2018/1/20,13:00:00,NV640,I,BNT,IOE,N
PK467,2018/1/20, 7:0,NV6157,I,320,2018/1/20, 8:30,NV6762,D,DSL,ZOK,W
PK468,2018/1/20, 7:0,NV665,I,773,2018/1/20,12:25:00,NV670,I,DEH,DEH,N
PK469,2018/1/20, 7:15,GN969,I,73H,2018/1/20,12:00:00,GN0492,D,ILU,LXM,W
PK470,2018/1/20, 7:20,GN973,I,73H,2018/1/20, 8:35,GN940,I,LVM,CLL,W
PK471,2018/1/20, 7:20,NV659,I,33L,2018/1/20,17:20:00,NV682,I,CLL,IOM,N
PK472,2018/1/20, 7:5,NV393,I,320,2018/1/20, 9:30,NV6576,D,THO,LIO,W
PK473,2018/1/20, 7:55,NV6700,D,320,2018/1/20, 9:30,NV6700,D,OHC,VSD,W
PK474,2018/1/20, 8:25,NV3992,D,320,2018/1/20, 9:30,NV630,I,OLH,OHP,W
PK475,2018/1/20, 8:35,NV6135,I,320,2018/1/20,10:20:00,NV3196,I,DFC,PLB,W
PK476,2018/1/20, 8:35,*****,D,738,2018/1/20, 9:25,GN0408,D,***,DTY,W
PK477,2018/1/20, 8:40,NV6577,D,320,2018/1/20, 9:50,NV6577,D,LIO,TIF,W
PK478,2018/1/20, 8:40,NV6697,D,73H,2018/1/20, 9:45,NV6612,D,XOA,XOA,W
PK479,2018/1/20, 8:45,NV6645,D,320,2018/1/20,10:20:00,NV6644,D,UOB,UOB,W
PK480,2018/1/20, 8:45,NV6698,D,320,2018/1/20,21:35:00,NV6578,D,IGF,IGF,W
PK481,2018/1/20, 8:55,NV3620,D,73E,2018/1/20,10:00:00,NV626,I,XVI,LJY,W
PK482,2018/1/20, 8:55,NV6684,D,320,2018/1/20,10:05:00,NV6684,D,UBP,LPX,W
PK483,2018/1/20, 9:0,NV603,I,33L,2018/1/20,10:25:00,NV603,D,TWP,TZY,N
PK484,2018/1/20, 9:10,GN0631,D,738,2018/1/20,10:00:00,*****,D,XOA,***,W
PK485,2018/1/20, 9:15,NV628,D,73H,2018/1/20,10:35:00,NV628,I,XVI,GVL,W
PK486,2018/1/20, 9:20,GN0369,D,738,2018/1/20,10:35:00,GN0202,D,YNO,EMD,W
PK487,2018/1/20, 9:20,NV698,D,773,2018/1/20,11:30:00,NV698,I,GPD,KGL,N
PK488,2018/1/20, 9:25,NV6773,D,325,2018/1/20,10:40:00,NV6773,D,EMD,GPD,W
PK489,2018/1/20, 9:30,GN0439,D,738,2018/1/20,11:00:00,GN0284,D,DHP,KOH,W
PK490,2018/1/20, 9:35,NV3513,D,73H,2018/1/20,10:45:00,NV3512,D,UZO,UZO,W
PK491,2018/1/20, 9:35,NV6655,D,320,2018/1/20,11:15:00,NV6622,D,ZOU,UBP,W
PK492,2018/1/20, 9:40,GN0571,D,73H,2018/1/20,14:15:00,GN966,I,LXF,CLL,W
PK493,2018/1/20, 9:40,NV6533,D,320,2018/1/20,11:05:00,NV6536,D,DLH,DLH,W
PK494,2018/1/20, 9:45,GN0493,D,738,2018/1/20,10:50:00,GN0493,D,LXM,DHR,W
PK495,2018/1/20, 9:45,NV6163,I,325,2018/1/20,11:25:00,NV6390,D,JDO,AVI,W
PK496,2018/1/20, 9:50,GN0181,D,738,2018/1/20,11:05:00,GN0298,D,UTO,TIF,W
PK497,2018/1/20, 9:50,GN0413,D,738,2018/1/20,11:10:00,GN0530,D,DBO,IOZ,W
PK498,2018/1/20, 9:50,NV6479,D,319,2018/1/20,11:05:00,NV6752,D,DTY,EMD,W
PK499,2018/1/20, 9:50,NV837,I,319,2018/1/20,13:00:00,NV3194,D,ILH,UTO,W
PK500,2018/1/20, 9:55,GN0471,D,73A,2018/1/20,11:30:00,GN0208,D,AIB,BPH,W
PK501,2018/1/20, 9:55,NV6313,D,325,2018/1/20,11:00:00,NV6518,D,IBL,DUV,W
PK502,2018/1/21,10:00:00,GN0493,D,738,2018/1/21,11:00:00,GN0493,D,LXM,DHR,W
PK503,2018/1/21,10:00:00,NV6294,D,33H,2018/1/21,13:30:00,NV692,I,QFL,ZWS,N
PK504,2018/1/21,10:05:00,GN0471,D,73A,2018/1/21,11:20:00,GN0460,D,AIB,AIB,W
PK505,2018/1/21,10:05:00,NV6513,D,320,2018/1/21,12:30:00,NV305,D,DUV,DUV,W
PK506,2018/1/21,10:10:00,GN0411,D,73H,2018/1/21,17:00:00,GN980,I,TXB,LCW,W
PK507,2018/1/21,10:10:00,NV6443,D,325,2018/1/21,11:10:00,NV6656,D,TAY,ZOU,W
PK508,2018/1/21,10:15:00,NV3120,D,73H,2018/1/21,11:15:00,NV3120,I,XVI,GTA,W
PK509,2018/1/21,10:15:00,NV632,D,325,2018/1/21,11:45:00,NV632,I,YJZ,OSU,W
PK510,2018/1/21,10:20:00,GN0495,D,73A,2018/1/21,11:30:00,GN0208,D,OOH,BPH,W
PK511,2018/1/21,10:20:00,NV323,I,325,2018/1/21,11:25:00,NV618,I,NOM,ILH,W
PK512,2018/1/21,10:20:00,NV687,I,325,2018/1/21,11:25:00,NV6390,D,IOE,AVI,W
PK513,2018/1/21,10:25:00,NV6731,D,325,2018/1/21,12:15:00,NV614,I,ISC,ILH,W
PK514,2018/1/21,10:25:00,NV820,D,320,2018/1/21,11:35:00,NV820,I,MIX,OHP,W
PK515,2018/1/21,10:30:00,GN0457,D,738,2018/1/21,13:05:00,GN0656,D,DHP,XVU,W
PK516,2018/1/21,10:30:00,NV858,D,73H,2018/1/21,12:15:00,NV858,I,LNH,LJY,W
PK517,2018/1/21,10:35:00,NV6713,D,320,2018/1/21,12:25:00,NV6713,D,TIF,AIB,W
PK518,2018/1/21,10:40:00,NV303,I,320,2018/1/21,12:30:00,NV303,D,OHP,YJZ,W
PK519,2018/1/21,10:45:00,NV643,I,320,2018/1/21,13:25:00,NV6510,D,GVL,MZJ,W
PK520,2018/1/21,11:00:00,GN0271,D,73H,2018/1/21,12:15:00,GN0492,D,DHR,LXM,W
PK521,2018/1/21,11:00:00,NV305,I,319,2018/1/21,13:00:00,NV6290,D,IJK,MMG,W
PK522,2018/1/21,11:00:00,NV6148,D,320,2018/1/21,12:20:00,NV6148,I,DUV,DKV,W
PK523,2018/1/21,11:00:00,NV639,I,319,2018/1/21,12:15:00,NV6316,D,PLK,ITO,W
PK524,2018/1/21,11:00:00,NV6785,D,320,2018/1/21,13:10:00,NV398,I,EMD,PLB,W
PK525,2018/1/21,11:20:00,NV6535,D,320,2018/1/21,13:55:00,NV652,I,DLH,CLL,W
PK526,2018/1/21,11:25:00,NV841,I,325,2018/1/21,13:05:00,NV6488,D,LJY,TZY,W
PK527,2018/1/21,12:00:00,NV835,I,325,2018/1/21,13:15:00,NV610,I,ILH,ILH,W
PK528,2018/1/21,12:20:00,NV6749,D,320,2018/1/21,13:55:00,NV6540,D,IEH,UTO,W
PK529,2018/1/21,12:20:00,NV867,D,33E,2018/1/21,15:45:00,NV6116,I,LNH,UQF,N
PK530,2018/1/21,12:25:00,GN0253,D,73A,2018/1/21,13:35:00,GN0204,D,CQF,TIF,W
PK531,2018/1/21,12:25:00,NV3703,I,73H,2018/1/21,13:55:00,NV3703,D,OHP,XVI,W
PK532,2018/1/21,12:55:00,NV674,D,33L,2018/1/21,14:25:00,NV674,I,QFL,EFM,N
PK533,2018/1/21,13:00:00,GN0201,D,73H,2018/1/21,14:05:00,GN930,I,KOA,QVT,W
PK534,2018/1/21,13:00:00,GN0491,D,738,2018/1/21,14:15:00,GN966,I,LXM,CLL,W
PK535,2018/1/21,13:05:00,NV3287,D,73E,2018/1/21,16:30:00,NV6556,D,ARA,LXF,W
PK536,2018/1/21,13:05:00,NV6165,I,323,2018/1/21,14:10:00,NV6722,D,UBF,EMD,W
PK537,2018/1/21,13:10:00,GN0235,D,73H,2018/1/21,14:20:00,GN0250,D,UWT,YNO,W
PK538,2018/1/21,13:15:00,NV3266,D,325,2018/1/21,14:15:00,NV3269,D,YJZ,YJZ,W
PK539,2018/1/21,13:20:00,NV6155,I,320,2018/1/21,14:25:00,NV6494,D,QVT,AZJ,W
PK540,2018/1/21,13:25:00,NV6735,D,73E,2018/1/21,14:30:00,NV6198,I,EMD,GVL,W
PK541,2018/1/21,13:40:00,GN913,I,73H,2018/1/21,14:45:00,GN938,I,UTB,JDO,W
PK542,2018/1/21,13:40:00,NV6719,D,320,2018/1/21,14:50:00,NV6718,D,IJB,TIF,W
PK543,2018/1/21,13:50:00,GN932,D,738,2018/1/21,14:55:00,GN932,I,DHP,LJY,W
PK544,2018/1/21,13:50:00,NV383,I,321,2018/1/21,15:30:00,NV383,D,OSU,QFL,W
PK545,2018/1/21,13:55:00,NV6727,D,320,2018/1/21,14:55:00,NV6762,D,ZLI,ZOK,W
PK546,2018/1/21,14:00:00,NV6153,I,325,2018/1/21,14:50:00,*****,D,JDO,***,W
PK547,2018/1/21,14:10:00,NV6575,D,320,2018/1/21,15:20:00,NV6574,D,IGF,IGF,W
PK548,2018/1/21,14:20:00,NV3654,D,73E,2018/1/21,15:25:00,NV6318,D,XVI,MAI,W
PK549,2018/1/21,14:25:00,NV6171,I,323,2018/1/21,16:10:00,NV6374,D,DKV,ZOU,W
PK550,2018/1/21,14:35:00,NV6359,D,319,2018/1/21,15:40:00,NV6378,D,EBU,ZCQ,W
PK551,2018/1/21,14:35:00,NV681,I,773,2018/1/21,20:00:00,NV308,I,DEH,KGL,N
PK552,2018/1/21,14:40:00,GN0477,D,73H,2018/1/21,16:20:00,GN0256,D,ZJI,ZDV,W
PK553,2018/1/21,14:40:00,GN0573,D,73A,2018/1/21,15:45:00,GN0246,D,XYO,CBW,W
PK554,2018/1/21,14:40:00,NV656,D,33H,2018/1/21,16:10:00,NV656,I,DHR,TJO,N
PK555,2018/1/21,14:50:00,GN953,I,73H,2018/1/21,16:10:00,GN0638,D,CLL,DBO,W
PK556,2018/1/21,14:50:00,NV613,I,320,2018/1/21,16:50:00,NV6768,D,ILH,IEH,W
PK557,2018/1/21,14:50:00,NV899,I,33E,2018/1/21,20:20:00,NV672,I,GDP,TZE,N
PK558,2018/1/21,14:55:00,GN0283,D,73E,2018/1/21,15:55:00,GN0362,D,ISC,IBL,W
PK559,2018/1/21,14:55:00,GN0479,D,73E,2018/1/21,16:05:00,GN0280,D,TIF,DHR,W
PK560,2018/1/21,14:55:00,GN0523,D,73E,2018/1/21,16:35:00,GN0348,D,NJH,TZY,W
PK561,2018/1/21,14:55:00,NV337,I,323,2018/1/21,16:15:00,NV616,I,LJY,ILH,W
PK562,2018/1/21,14:55:00,NV6711,D,325,2018/1/21,16:15:00,NV6742,D,GPD,GPD,W
PK563,2018/1/21,15:00:00,*****,D,325,2018/1/21,15:50:00,NV3465,D,***,MIX,W
PK564,2018/1/21,15:10:00,GN0423,D,73E,2018/1/21,16:20:00,GN0642,D,DBO,IBL,W
PK565,2018/1/21,15:15:00,NV629,I,73H,2018/1/21,16:50:00,NV629,D,GVL,XVI,W
PK566,2018/1/21,15:20:00,GN0203,D,738,2018/1/21,16:10:00,*****,D,EMD,***,W
PK567,2018/1/21,15:20:00,NV382,D,321,2018/1/21,16:55:00,NV382,I,QFL,OSU,W
PK568,2018/1/21,15:20:00,NV6203,D,319,2018/1/21,16:30:00,NV6614,D,ZDV,HZT,W
PK569,2018/1/21,15:25:00,NV6453,D,323,2018/1/21,16:45:00,NV0746,D,TAY,LXM,W
PK570,2018/1/21,15:30:00,NV657,I,33E,2018/1/21,19:45:00,NV848,I,TJO,NFM,N
PK571,2018/1/21,15:35:00,GN0497,D,325,2018/1/21,17:05:00,GN0644,D,OOH,YNO,W
PK572,2018/1/21,15:35:00,NV641,I,320,2018/1/21,16:40:00,NV6736,D,OHP,EMD,W
PK573,2018/1/21,15:35:00,NV6537,D,325,2018/1/21,17:10:00,NV686,I,DLH,IOE,W
PK574,2018/1/21,15:35:00,NV669,I,319,2018/1/21,17:35:00,NV638,I,LNR,PLK,W
PK575,2018/1/21,15:40:00,GN965,I,73H,2018/1/21,18:00:00,GN0454,D,CLL,EZH,W
PK576,2018/1/21,15:40:00,NV6173,I,323,2018/1/21,17:05:00,NV6462,D,JDO,TAY,W
PK577,2018/1/21,15:45:00,NV302,D,320,2018/1/21,17:15:00,NV302,I,YJZ,OHP,W
PK578,2018/1/21,15:55:00,GN0549,D,73E,2018/1/21,17:30:00,GN0404,D,CBW,ETO,W
PK579,2018/1/21,15:55:00,GN923,I,73H,2018/1/21,18:30:00,GN964,I,ILH,CLL,W
PK580,2018/1/21,15:55:00,NV627,I,73E,2018/1/21,19:15:00,NV3787,D,LJY,ZJI,W
PK581,2018/1/21,15:55:00,NV6657,D,325,2018/1/21,17:30:00,NV6162,I,ZOU,JDO,W
PK582,2018/1/21,16:05:00,NV6715,D,320,2018/1/21,17:40:00,NV6710,D,TIF,IJB,W
PK583,2018/1/21,16:15:00,NV3260,D,320,2018/1/21,18:05:00,NV3277,D,YJZ,YJZ,W
PK584,2018/1/21,16:15:00,NV6149,I,320,2018/1/21,18:00:00,NV6149,D,DKV,DUV,W
PK585,2018/1/21,16:20:00,NV6377,D,325,2018/1/21,18:10:00,NV830,I,CIZ,LJY,W
PK586,2018/1/21,16:20:00,NV683,I,33L,2018/1/21,17:20:00,NV682,I,IOM,IOM,N
PK587,2018/1/21,16:30:00,NV3197,I,320,2018/1/21,17:35:00,NV6726,D,PLB,ZLI,W
PK588,2018/1/21,16:30:00,NV3702,D,73H,2018/1/21,18:00:00,NV3702,I,XVI,OHP,W
PK589,2018/1/21,16:30:00,NV663,I,33H,2018/1/21,17:20:00,*****,D,MIS,***,N
PK590,2018/1/21,16:35:00,NV304,D,319,2018/1/21,17:40:00,NV304,I,DUV,IJK,W
PK591,2018/1/21,16:35:00,NV635,I,773,2018/1/21,21:00:00,NV688,I,OSU,MBY,N
PK592,2018/1/21,16:50:00,GN0637,D,738,2018/1/21,17:55:00,GN0636,D,XOA,XOA,W
PK593,2018/1/21,16:55:00,NV391,I,33L,2018/1/21,20:40:00,NV658,I,DUT,CLL,N
PK594,2018/1/21,16:55:00,NV693,I,33H,2018/1/21,21:15:00,NV6297,D,ZWS,QFL,N
PK595,2018/1/21,17:00:00,*****,D,738,2018/1/21,17:50:00,GN0332,D,***,MIX,W
PK596,2018/1/21,17:05:00,NV6781,D,320,2018/1/21,18:10:00,NV642,I,EMD,GVL,W
PK597,2018/1/21,17:10:00,NV6119,I,332,2018/1/21,18:00:00,*****,D,UQF,***,N
PK598,2018/1/21,17:20:00,GN0299,D,738,2018/1/21,20:05:00,GN0452,D,TIF,EZH,W
PK599,2018/1/21,17:20:00,GN0333,D,738,2018/1/21,18:20:00,GN976,I,MIX,LCW,W
PK600,2018/1/21,17:30:00,NV6145,I,325,2018/1/21,18:40:00,NV624,I,JDO,SFQ,W
PK601,2018/1/21,17:30:00,NV619,I,325,2018/1/21,18:30:00,NV834,I,ILH,ILH,W
PK602,2018/1/21,17:35:00,GN0209,D,73A,2018/1/21,21:00:00,GN0494,D,BPH,OOH,W
PK603,2018/1/21,17:40:00,NV6301,D,325,2018/1/21,18:30:00,*****,D,AVI,***,W
PK604,2018/1/21,17:50:00,NV697,I,773,2018/1/21,18:40:00,*****,D,MBY,***,N
PK605,2018/1/21,18:00:00,NV3786,D,73E,2018/1/21,19:30:00,NV3631,D,ZJI,XVI,W
PK606,2018/1/21,18:00:00,NV601,I,773,2018/1/21,18:50:00,*****,D,TGP,***,N
PK607,2018/1/21,18:00:00,NV6489,D,320,2018/1/21,21:05:00,NV6544,D,TZY,DLH,W
PK608,2018/1/21,18:05:00,NV821,I,33H,2018/1/21,18:55:00,*****,D,NBE,***,N
PK609,2018/1/21,18:10:00,GN0461,D,73H,2018/1/21,19:30:00,GN972,I,LXM,LVM,W
PK610,2018/1/21,18:15:00,NV3131,I,73H,2018/1/21,19:45:00,NV3131,D,GTA,XVI,W
PK611,2018/1/21,18:20:00,NV6253,D,320,2018/1/21,21:35:00,NV6578,D,MMW,IGF,W
PK612,2018/1/21,18:20:00,NV831,I,320,2018/1/21,19:35:00,NV831,D,OHP,MIX,W
PK613,2018/1/21,18:25:00,NV615,I,325,2018/1/21,20:55:00,NV6720,D,ILH,ISC,W
PK614,2018/1/21,18:30:00,NV3421,D,319,2018/1/21,19:35:00,NV3410,D,YOO,YOO,W
PK615,2018/1/21,18:30:00,NV6525,D,325,2018/1/21,21:00:00,NV6312,D,DUV,IBL,W
PK616,2018/1/21,18:35:00,NV6739,D,320,2018/1/21,20:00:00,NV860,I,EMD,QOI,W
PK617,2018/1/21,18:40:00,GN941,I,73H,2018/1/21,19:45:00,GN978,I,QVT,CLJ,W
PK618,2018/1/21,18:40:00,NV6703,D,319,2018/1/21,20:00:00,NV6486,D,IAI,EZH,W
PK619,2018/1/21,18:45:00,NV399,I,320,2018/1/21,19:50:00,NV6784,D,PLB,EMD,W
PK620,2018/1/21,18:50:00,GN0465,D,738,2018/1/21,21:45:00,GN0170,D,XFI,UTO,W
PK621,2018/1/21,18:50:00,GN951,I,73H,2018/1/21,20:00:00,GN968,I,CLL,ILU,W
PK622,2018/1/21,18:50:00,NV829,I,773,2018/1/21,19:40:00,*****,D,PSE,***,N
PK623,2018/1/21,18:55:00,GN0287,D,738,2018/1/21,21:10:00,GN0287,D,DHR,LXM,W
PK624,2018/1/21,18:55:00,NV6663,D,320,2018/1/21,23:10:00,NV6156,I,MZJ,DSL,W
PK625,2018/1/21,18:55:00,NV859,I,73H,2018/1/21,21:00:00,NV859,D,LJY,LNH,W
PK626,2018/1/21,19:10:00,GN0641,D,738,2018/1/21,21:20:00,GN0428,D,XOA,DBO,W
PK627,2018/1/21,19:15:00,NV3119,I,321,2018/1/21,21:25:00,NV6472,D,NGN,TAY,W
PK628,2018/1/21,19:15:00,NV6714,D,320,2018/1/21,21:25:00,NV6714,D,AIB,TIF,W
PK629,2018/1/21,19:20:00,NV319,I,773,2018/1/21,20:10:00,*****,D,ZZA,***,N
PK630,2018/1/21,19:30:00,NV6199,I,73E,2018/1/21,21:30:00,NV3655,D,GVL,XVI,W
PK631,2018/1/21,19:30:00,NV673,I,33E,2018/1/21,20:20:00,*****,D,TZE,***,N
PK632,2018/1/21,19:30:00,NV699,I,773,2018/1/21,21:40:00,NV699,D,KGL,GPD,N
PK633,2018/1/21,19:35:00,NV633,I,325,2018/1/21,21:05:00,NV633,D,OSU,YJZ,W
PK634,2018/1/21,19:40:00,NV849,I,33E,2018/1/21,23:30:00,NV654,I,NFM,TJO,N
PK635,2018/1/21,19:45:00,NV3622,D,319,2018/1/21,20:35:00,*****,D,XVI,***,W
PK636,2018/1/21,19:50:00,NV6753,D,319,2018/1/21,21:10:00,NV836,I,EMD,ILH,W
PK637,2018/1/21,20:00:00,GN939,I,73H,2018/1/21,21:05:00,GN0300,D,JDO,TXB,W
PK638,2018/1/21,20:00:00,NV6324,D,73H,2018/1/21,21:00:00,NV6325,D,UZO,UZO,W
PK639,2018/1/21,20:00:00,NV6527,D,320,2018/1/21,20:50:00,*****,D,DUV,***,W
PK640,2018/1/21,20:00:00,NV827,I,33E,2018/1/21,21:55:00,NV826,I,COF,COF,N
PK641,2018/1/21,20:05:00,GN0205,D,73A,2018/1/21,21:35:00,GN0560,D,TIF,LXF,W
PK642,2018/1/21,20:10:00,GN0237,D,738,2018/1/21,21:15:00,GN946,I,SJA,IOE,W
PK643,2018/1/21,20:10:00,GN0261,D,73H,2018/1/21,21:05:00,GN0260,D,YNO,DHR,W
PK644,2018/1/21,20:10:00,NV621,I,325,2018/1/21,21:00:00,*****,D,ILH,***,W
PK645,2018/1/21,20:10:00,NV6317,D,319,2018/1/21,21:00:00,*****,D,ITO,***,W
PK646,2018/1/21,20:15:00,NV6551,D,320,2018/1/21,21:30:00,NV6528,D,UTO,DUV,W
PK647,2018/1/21,20:15:00,NV6725,D,320,2018/1/21,21:05:00,*****,D,ISC,***,W
PK648,2018/1/21,20:20:00,NV6549,D,319,2018/1/21,21:10:00,*****,D,OBP,***,W
PK649,2018/1/21,20:25:00,NV317,I,320,2018/1/21,21:15:00,*****,D,DOY,***,W
PK650,2018/1/21,20:25:00,NV3278,D,325,2018/1/21,21:15:00,*****,D,YJZ,***,W
PK651,2018/1/21,20:30:00,NV6117,I,33E,2018/1/21,21:20:00,*****,D,UQF,***,N
PK652,2018/1/21,20:30:00,NV6578,D,325,2018/1/21,21:20:00,*****,D,TZY,***,W
PK653,2018/1/21,20:30:00,NV6772,D,325,2018/1/21,22:05:00,NV6772,D,GPD,EMD,W
PK654,2018/1/21,20:40:00,*****,D,319,2018/1/21,21:30:00,NV6478,D,***,DTY,W
PK655,2018/1/21,20:45:00,NV6375,D,323,2018/1/21,21:35:00,*****,D,ZOU,***,W
PK656,2018/1/21,21:00:00,NV6495,D,320,2018/1/21,21:50:00,*****,D,AZJ,***,W
PK657,2018/1/21,21:00:00,NV6633,D,320,2018/1/21,22:10:00,NV6632,D,UBP,UBP,W
PK658,2018/1/21,21:00:00,NV6811,D,320,2018/1/21,22:20:00,NV6811,D,VSD,OHC,W
PK659,2018/1/21,21:05:00,NV651,I,773,2018/1/21,21:55:00,*****,D,IOE,***,N
PK660,2018/1/21,21:05:00,NV6642,D,320,2018/1/21,22:20:00,NV6642,D,TIF,LIO,W
PK661,2018/1/21,21:10:00,NV6643,D,320,2018/1/21,22:00:00,NV392,I,LIO,THO,W
PK662,2018/1/21,21:15:00,GN0409,D,738,2018/1/21,22:40:00,GN0368,D,DTY,YNO,W
PK663,2018/1/21,21:15:00,GN933,I,738,2018/1/21,22:45:00,GN933,D,LJY,DHP,W
PK664,2018/1/21,21:20:00,GN0629,D,738,2018/1/21,22:20:00,GN0620,D,XOA,XOA,W
PK665,2018/1/21,21:20:00,NV6653,D,320,2018/1/21,22:30:00,NV6652,D,UOB,UOB,W
PK666,2018/1/21,21:20:00,NV6699,D,321,2018/1/21,22:10:00,*****,D,GPD,***,W
PK667,2018/1/21,21:30:00,GN997,I,73H,2018/1/21,22:30:00,GN952,I,LVM,CLL,W
PK668,2018/1/21,21:30:00,NV679,I,33E,2018/1/21,22:20:00,*****,D,TJO,***,N
PK669,2018/1/21,21:40:00,NV6241,D,325,2018/1/21,22:30:00,*****,D,QFL,***,W
PK670,2018/1/21,21:45:00,NV6737,D,320,2018/1/21,22:50:00,NV3993,D,EMD,OLH,W
PK671,2018/1/21,21:50:00,NV3270,D,325,2018/1/21,22:40:00,*****,D,YJZ,***,W
PK672,2018/1/21,21:50:00,NV6319,D,73E,2018/1/21,22:40:00,*****,D,MAI,***,W
PK673,2018/1/21,22:00:00,GN0257,D,73H,2018/1/21,22:50:00,*****,D,ZDV,***,W
PK674,2018/1/21,22:00:00,GN0541,D,738,2018/1/21,22:50:00,*****,D,IOZ,***,W
PK675,2018/1/21,22:00:00,NV6405,D,320,2018/1/21,22:50:00,*****,D,DHP,***,W
PK676,2018/1/21,22:05:00,GN0489,D,73E,2018/1/21,22:55:00,*****,D,LXM,***,W
PK677,2018/1/21,22:05:00,NV6769,D,320,2018/1/21,22:55:00,*****,D,IEH,***,W
PK678,2018/1/21,22:10:00,GN945,I,73H,2018/1/21,23:00:00,*****,D,CLL,***,W
PK679,2018/1/21,22:15:00,NV6763,D,320,2018/1/21,23:05:00,*****,D,ZOK,***,W
PK680,2018/1/21,22:25:00,GN0247,D,73A,2018/1/21,23:15:00,*****,D,CBW,***,W
PK681,2018/1/21,22:25:00,GN0645,D,325,2018/1/21,23:15:00,*****,D,YNO,***,W
PK682,2018/1/21,22:30:00,GN0291,D,73E,2018/1/21,23:20:00,*****,D,DHR,***,W
PK683,2018/1/21,22:30:00,GN0639,D,73H,2018/1/21,23:20:00,*****,D,DBO,***,W
PK684,2018/1/21,22:45:00,NV0747,D,323,2018/1/21,23:35:00,*****,D,LXM,***,W
PK685,2018/1/21,22:50:00,NV617,I,323,2018/1/21,23:40:00,*****,D,ILH,***,W
PK686,2018/1/21,22:50:00,NV6379,D,319,2018/1/21,23:40:00,*****,D,ZCQ,***,W
PK687,2018/1/21,22:55:00,NV6615,D,319,2018/1/21,23:45:00,*****,D,HZT,***,W
PK688,2018/1/21,23:00:00,NV6557,D,73E,2018/1/21,23:50:00,*****,D,LXF,***,W
PK689,2018/1/21,23:10:00,GN0285,D,73A,2018/1/22, 0:0,*****,D,KOH,***,W
PK690,2018/1/21,23:10:00,NV3464,D,325,2018/1/22, 0:0,*****,D,MIX,***,W
PK691,2018/1/21,23:15:00,GN0363,D,73E,2018/1/22, 0:5,*****,D,IBL,***,W
PK692,2018/1/21,23:20:00,GN0455,D,73H,2018/1/22, 0:10,*****,D,EZH,***,W
PK693,2018/1/21,23:20:00,NV3447,D,320,2018/1/22, 0:10,*****,D,YJZ,***,W
PK694,2018/1/21,23:25:00,NV6471,D,323,2018/1/22, 0:15,*****,D,TAY,***,W
PK695,2018/1/21,23:30:00,NV3195,D,319,2018/1/22, 0:20,*****,D,UTO,***,W
PK696,2018/1/21,23:40:00,GN0643,D,73E,2018/1/22, 0:30,*****,D,IBL,***,W
PK697,2018/1/21,23:55:00,GN0405,D,73E,2018/1/22, 0:45,*****,D,ETO,***,W
PK698,2018/1/21, 0:10,GN0349,D,73E,2018/1/21,15:50:00,GN0488,D,TZY,LXM,W
PK699,2018/1/21, 0:15,GN0679,D,738,2018/1/21, 1:5,*****,D,DHP,***,W
PK700,2018/1/21, 0:15,NV6723,D,323,2018/1/21, 8:10,NV6164,I,EMD,UBF,W
PK701,2018/1/21, 0:20,GN967,I,73H,2018/1/21, 7:10,GN0290,D,CLL,KOA,W
PK702,2018/1/21, 1:20,NV3653,D,73E,2018/1/21, 8:30,NV6734,D,DBO,EMD,W
PK703,2018/1/21, 1:30,NV6487,D,319,2018/1/21, 8:15,NV6702,D,EZH,IAI,W
PK704,2018/1/21, 1:35,GN0453,D,738,2018/1/21, 9:25,GN0630,D,EZH,XOA,W
PK705,2018/1/21, 1:45,GN0659,D,73A,2018/1/21, 6:55,GN0252,D,UHP,CQF,W
PK706,2018/1/21, 4:10,NV677,I,332,2018/1/21,17:10:00,NV6170,I,TJO,DHL,N
PK707,2018/1/21, 4:25,NV625,I,325,2018/1/21, 9:30,NV6376,D,SFQ,CIZ,W
PK708,2018/1/21, 4:55,NV675,I,33L,2018/1/21, 6:55,NV675,D,EFM,QFL,N
PK709,2018/1/21, 5:0,GN991,I,73H,2018/1/21,12:00:00,GN944,I,LCW,CLL,W
PK710,2018/1/21, 5:0,NV847,I,773,2018/1/21,14:20:00,NV690,I,TZE,TGP,N
PK711,2018/1/21, 5:10,NV609,I,33H,2018/1/21,11:10:00,NV896,D,ZWS,YJZ,N
PK712,2018/1/21, 5:15,NV309,I,773,2018/1/21, 9:10,NV634,I,KGL,OSU,N
PK713,2018/1/21, 5:20,NV871,I,320,2018/1/21,10:20:00,NV3196,I,QOI,PLB,W
PK714,2018/1/21, 5:35,NV347,I,33L,2018/1/21,12:00:00,NV602,I,NMF,TWP,N
PK715,2018/1/21, 5:40,NV655,I,33H,2018/1/21, 7:40,NV655,D,TJO,DHR,N
PK716,2018/1/21, 5:45,NV891,I,773,2018/1/21,13:20:00,NV694,I,BLM,MBY,N
PK717,2018/1/21, 5:55,GN979,I,73H,2018/1/21, 8:35,GN940,I,CLJ,CLL,W
PK718,2018/1/21, 5:55,NV851,I,773,2018/1/21,11:40:00,NV828,I,NFM,PSE,N
PK719,2018/1/21, 6:0,GN977,I,738,2018/1/21,10:15:00,GN0464,D,LCW,XFI,W
PK720,2018/1/21, 6:25,NV689,I,773,2018/1/21,12:05:00,NV318,I,MBY,ZZA,N
PK721,2018/1/21, 6:30,GN943,I,73H,2018/1/21, 9:40,GN0476,D,ILU,ZJI,W
PK722,2018/1/21, 6:55,NV393,I,320,2018/1/21, 9:30,NV6576,D,THO,LIO,W
PK723,2018/1/21, 7:0,NV6157,I,320,2018/1/21,10:10:00,NV316,I,DSL,DOY,W
PK724,2018/1/21, 7:0,NV665,I,773,2018/1/21,13:00:00,NV640,I,DEH,IOE,N
PK725,2018/1/21, 7:15,GN969,I,73H,2018/1/21,19:30:00,GN942,I,ILU,ILU,W
PK726,2018/1/21, 7:20,GN973,I,73H,2018/1/21, 9:35,GN922,I,LVM,ILH,W
PK727,2018/1/21, 7:20,NV659,I,33L,2018/1/21,12:10:00,NV346,I,CLL,NMF,N
PK728,2018/1/21, 7:40,NV331,I,33E,2018/1/21,14:35:00,NV676,I,GSB,TJO,N
PK729,2018/1/21, 8:15,NV6700,D,320,2018/1/21, 9:15,NV6700,D,OHC,VSD,W
PK730,2018/1/21, 8:25,NV3992,D,320,2018/1/21, 9:30,NV630,I,OLH,OHP,W
PK731,2018/1/21, 8:35,NV6135,I,320,2018/1/21,12:05:00,NV6770,D,DFC,EMD,W
PK732,2018/1/21, 8:35,*****,D,738,2018/1/21, 9:25,GN0408,D,***,DTY,W
PK733,2018/1/21, 8:40,NV6577,D,320,2018/1/21, 9:50,NV6577,D,LIO,TIF,W
PK734,2018/1/21, 8:40,NV6697,D,73H,2018/1/21, 9:45,NV6612,D,XOA,XOA,W
PK735,2018/1/21, 8:45,NV6579,D,320,2018/1/21,10:00:00,NV6579,D,IGF,TZY,W
PK736,2018/1/21, 8:45,NV6645,D,320,2018/1/21,10:20:00,NV6644,D,UOB,UOB,W
PK737,2018/1/21, 8:55,NV3620,D,73E,2018/1/21,10:00:00,NV626,I,XVI,LJY,W
PK738,2018/1/21, 8:55,NV6623,D,320,2018/1/21,10:00:00,NV3280,D,UBP,ZOU,W
PK739,2018/1/21, 9:10,GN0631,D,738,2018/1/21,10:35:00,GN0202,D,XOA,EMD,W
PK740,2018/1/21, 9:15,NV628,D,73H,2018/1/21,10:35:00,NV628,I,XVI,GVL,W
PK741,2018/1/21, 9:20,GN0369,D,738,2018/1/21,11:10:00,GN0530,D,YNO,IOZ,W
PK742,2018/1/21, 9:20,NV698,D,773,2018/1/21,11:30:00,NV698,I,GPD,KGL,N
PK743,2018/1/21, 9:25,NV6773,D,325,2018/1/21,11:05:00,NV6773,D,EMD,GPD,W
PK744,2018/1/21, 9:30,GN0439,D,738,2018/1/21,11:05:00,GN0298,D,DHP,TIF,W
PK745,2018/1/21, 9:35,NV3513,D,73H,2018/1/21,10:45:00,NV3512,D,UZO,UZO,W
PK746,2018/1/21, 9:35,NV6655,D,320,2018/1/21,11:15:00,NV6622,D,ZOU,UBP,W
PK747,2018/1/21, 9:40,GN0571,D,73A,2018/1/21,11:00:00,GN0284,D,LXF,KOH,W
PK748,2018/1/21, 9:40,NV6533,D,320,2018/1/21,11:05:00,NV6536,D,DLH,DLH,W
PK749,2018/1/21, 9:45,NV6163,I,325,2018/1/21,11:00:00,NV6518,D,JDO,DUV,W
PK750,2018/1/21, 9:50,GN0413,D,738,2018/1/21,12:00:00,GN0236,D,DBO,SJA,W
PK751,2018/1/21, 9:50,NV6479,D,319,2018/1/21,11:05:00,NV6752,D,DTY,EMD,W
PK752,2018/1/21, 9:50,NV837,I,319,2018/1/21,12:50:00,NV3194,D,ILH,UTO,W
PK753,2018/1/21, 9:55,NV6313,D,325,2018/1/21,12:15:00,NV6144,I,IBL,JDO,W
